"name"	"abstract"
"南華老仙"	"南華老仙（なんかろうせん、生没年不詳）とは、中国・戦国時代の思想家、荘子が死んで仙人になった姿と考えられている。小説『三国志演義』では、漢王朝の腐敗に悩んでいる（または薬草摘みに山にでかけた）張角に、『太平要術の書』を「これを使って世直しをせよ。ただし、悪しきことに使えば天罰が下る」と言って授け去る。この妖術を取得したことから張角は太平道を作り、黄巾の乱を起こすことになっている。張角が病死しようとしているところにも現れ、張角に「悪しきことに使えば天罰が下る」ことを告げ、消える。この直後に、張角は病死する設定となっている。zh:庄子#信仰形象"
"卞喜"	"卞 喜（べん き）は、中国の通俗歴史小説『三国志演義』に登場する架空の武将。元黄巾賊で、曹操の部将として登場。流星鎚の使い手。沂水関を守っている際、千里行中の関羽が通りかかるとの報告を受け、これを謀殺しようと鎮国寺に兵を伏せる。しかし寺の僧侶・普浄が関羽に密告し露見。流星鎚を飛ばして戦うが、関羽にあっけなく斬り捨てられてしまう。吉川英治の小説『三国志』、横山光輝の漫画『三国志』では「弁喜」として登場。吉川『三国志』では、策を見破られると、流星鎚の腕を振るう暇すら与えられず、関羽に斬殺されてしまう。一方、横山『三国志』では『演義』と同様に流星鎚で抵抗するが、関羽の薙刀で寺の柱ごと首筋を両断されるという豪快な最期を遂げている。テレビアニメ『最強武将伝 三国演義』では関羽に流星鎚を投げつけるが関羽に逆に奪われ逃げる途中関羽の投げた流星鎚が背中に当たり死亡した。"
"周倉"	"周 倉（しゅう そう）は、『三国志演義』『三国志平話』『花関索伝』『山西通志』『関大王独赴単刀会』『聊斎志異』に蜀漢の武将として登場する架空の人物。古典劇目の『走麦城』、『収周倉』、『収関平』で字は元福。"
"忙牙長"	"忙牙長（ぼうがちょう）は、中国の通俗歴史小説『三国志演義』に登場する架空の武将。孟獲配下の武将で、黄驃馬に乗り、截頭の大刀を使う。孟獲本隊が諸葛亮の軍と初めて対峙した際、先陣を切って蜀の武将王平と戦ったものの、張嶷・張翼・趙雲たちの挟み撃ちに遭い敗走する。夾山峪では馬岱と一騎討ちをするが、一太刀で斬られてしまう。挿絵や漫画などのイラストの媒体の多くで、水牛に騎乗しているためかインパクトの強い人物である。en:List of fictional people of the Three Kingdoms#Chapter 87"
"方悦"	"方 悦（ほう えつ）は、中国の通俗歴史小説『三国志演義』に登場する架空の武将。河内の名将とされ、反董卓連合軍に参加した河内太守王匡に付き添う。虎牢関の戦いでは、槍をもって呂布に一騎討ちを挑むが、5合も渡り合えずに討ち取られてしまい、王匡軍は潰走することになる。"
"木鹿大王"	"木鹿 大王（ぼくろく だいおう）は、中国の通俗歴史小説『三国志演義』に登場する架空の人物。　　　　　　　南蛮の八納洞（はちのうどう）を支配し、3万の兵を従えている。戦においては白象にまたがり、呪文を唱えて手に持った鐘を振ると狂風を呼ぶことができる。帯来洞主の要請で孟獲を救援するため駆けつける。当初は猛獣や毒蛇を使って趙雲や魏延を破り諸葛亮の軍に善戦したが、諸葛亮が開発した口や鼻から炎や煙を出す巨大な木獣兵器により猛獣たちが混乱し、その隙を突いた敵軍の攻撃の中で関索に討ち取られる。"
"武安国"	"武 安国（ぶ あんこく）は、中国の通俗歴史小説『三国志演義』に登場する架空の武将。孔融配下の猛将、鉄槌の使い手として『演義』第5回に登場。虎牢関の戦いの折に孔融に従い参戦する。呂布に得意の鉄槌を駆使し挑みかかるが、10余合打ち合った末に片腕を切り落とされ敗走する。この後、何とか味方に救われるが、そのまま物語中から姿を消す。横山光輝の漫画『三国志』では、虎牢関の戦いで弁髪・巨漢の鉄槌の使い手が登場する。しかし、この武将は、呂布に子供のようにあしらわれた挙句、画戟で胸を突き通されて殺されている。なお、スーパーファミコン用ゲーム『横山光輝 三国志』シリーズでは、上記武将が武安国として登場している。"
"貂蝉"	"貂蝉（ちょうせん）は、小説『三国志演義』に登場する架空の女性。実在の人物ではないが楊貴妃・西施・王昭君と並び、古代中国四大美人の一人に数えられる。"
"金環三結"	"金環三結（きんかんさんけつ）は、中国の通俗歴史小説『三国演義』に登場する架空の武将。諸葛亮の南征において、南蛮王孟獲配下の三洞元帥として登場する。管轄は第一洞。南蛮攻略のため侵攻してきた蜀の諸葛亮を迎撃するため、他の三洞元帥阿会喃、董荼那と共に出陣する。しかし、趙雲の夜襲を受け、一騎討ちを演じるが、一突きで馬から突き落とされ、首級を獲られてしまう。"
"鞏志"	"鞏 志（きょう し）は、中国の通俗歴史小説『三国志演義』に登場する架空の武将。後漢末期の武陵郡太守金旋配下の従事として登場。劉備の部将張飛が攻めてきた際、金旋に降伏を進言する。しかし、金旋は怒りだしてこれを処刑しようとするが、他の部下の諌めで思いとどまる。結局、張飛に敗北して逃げ戻ってきた金旋に対し、鞏志は無駄に兵士を死なせたとしてこれを射殺し、首級を張飛に献上して降伏。鞏志は劉備から武陵太守に任ぜられるが、その後は登場していない。なお、この後魏延が長沙太守韓玄を殺して劉備に投降したところ、諸葛亮は魏延を不忠だとして処刑しようとしており、鞏志の例と比較するといささか脚色上の矛盾が生じている。"
"ケイ道栄"	"邢 道栄（けい どうえい）は、中国の通俗歴史小説『三国志演義』に登場する架空の武将。"
"トウ茂"	"鄧 茂（とう も／とう ぼう）は、中国の通俗歴史小説『三国志演義』に登場する架空の人物。黄巾賊の頭目の1人。黄巾の乱の折、幽州で黄巾賊の程遠志の下で暴れていたが、当時義勇軍にいた劉備配下の張飛に、愛用武器であった蛇矛で突き殺される。吉川英治の『三国志』や横山光輝の漫画『三国志』では、関羽に討ち取られた。"
"兀突骨"	"兀突骨 （ごつとつこつ）は、中国の通俗歴史小説『三国志演義』に登場する架空の人物。南蛮にある烏戈国（烏滸族）の王という設定である。身の丈十二尺（後漢の尺で276cm、魏・晋の尺で289.2cm）の大男で、体が鱗で覆われている。また穀物の類は一切食べず、生きた獣や蛇を食べている。油を藤の蔓に染み込ませて鎧状に編んで乾かした藤甲を着た、刀や矢も通用せず川などでは浮いて移動する最強の兵、藤甲軍を率い、自らは象に乗っていた。6度蜀漢軍に敗走した孟獲に替わり蜀軍に大勝し苦戦させる。しかし、藤甲の製造法と火に弱いことを知った諸葛亮は魏延に策を与え、魏延が何度も敗走して兀突骨を盤蛇谷に誘い込み、地雷により部下もろとも全員焼き殺してしまう。兀突骨軍全滅後、諸葛亮は兀突骨の軍勢に化け、孟獲が現れると諸葛亮らを討ち取ったと偽っておびき出して孟獲を捕らえたという。しかしながら諸葛亮は、兀突骨ら藤甲軍全員を焼き殺すあまりの残虐さに自ら恐怖し、この報いで自分は長生きできないだろうと語り、これがその後の五丈原での病没の伏線となっている。ちなみに横山光輝の漫画『三国志』においては、兀突骨軍を殲滅してしまったことに諸葛亮が涙するも、配下の武将たちに慰められるという話になり、あくまで諸葛亮は正義であるというスタンスを保っている。en:List of fictional people of the Three Kingdoms#Chapter 90"
"夏侯恩"	"夏侯 恩（かこう おん）は、中国の通俗歴史小説『三国志演義』に登場する架空の武将。第41回に曹操麾下として登場。曹操の寵愛を受け、宝剣である青釭の剣を預かる。長坂での劉備追撃の際に趙雲によって刺殺され、青釭の剣を奪われる。なお、吉川英治の小説『三国志』では「夏侯惇の弟」としているが、『演義』及び吉川が直接の種本にしたとされる湖南文山の『通俗三国志』では「曹操の随身」とするのみであり、夏侯惇の弟というのは吉川が追加した人物設定と思われる。"
"孟優"	"孟 優（もう ゆう）は、中国の通俗歴史小説『三国志演義』に登場する架空の人物。"
"帯来洞主"	"帯来洞主（たいらいどうしゅ） は、中国の通俗歴史小説『三国志演義』に登場する架空の人物。孟獲の妻祝融の弟という設定である。蜀軍に苦戦していた孟獲に、木鹿大王、兀突骨らを加勢させることに尽力する。"
"楊齢"	"楊 齢（よう れい）は、中国の通俗歴史小説『三国志演義』に登場する架空の武将。後漢末期の長沙太守韓玄の部将で管軍校尉。関羽が500騎で長沙に攻めてきた時、黄忠を向わせようとした韓玄に向かって、「老将軍が出陣するまでもない」と志願して迎撃に出る。一千の兵を率いて関羽と対戦するが、一騎討ちで一刀のもとに唐竹割りにされてしまう。"
"董荼那"	"董荼那（とうとな）は、中国の通俗歴史小説『三国志演義』に登場する架空の武将。一部の書籍では董荼奴（とうとぬ）と表記されることもある。諸葛亮の南征の際に、孟獲配下の三洞元帥の1人として登場する。管轄は第二洞。5万の兵を率いて、蜀陣営を攻めるが、魏延らに夜襲を仕掛けられ、張嶷に捕らえられる。諸葛亮によりいったん釈放されるが、孟獲の命で已む無く再び出撃し、ロ水を攻める。その時、敵将馬岱に「恩知らずの将め」と罵られると、恥じて撤退する。しかしそれに怒った孟獲に罰せられる。董荼那は次第に不満を持ちはじめ、終に孟獲を捕らえて諸葛亮に手渡すが、孟獲が諸葛亮に釈放されると、董荼那は僚友の阿会喃とともに孟獲の手で殺されてしまうのである。en:List of fictional people of the Three Kingdoms#Chapter 87"
"蔡中"	"蔡 中（さい ちゅう）は、中国の通俗歴史小説『三国志演義』に登場する架空の武将。蔡瑁の従弟。一部の書籍では「蔡仲」と表記されることもある。同じく蔡瑁の従弟とされる蔡和との関係は、不明という設定。劉表配下として登場。後に曹操配下の将となる。蔡瑁の命令で劉備を暗殺すべく襄陽の南門外を固める。建安13年（208年）に従兄の蔡瑁が、赤壁の戦い寸前に曹操に処刑されており、赤壁の戦いではそれが原因として、蔡和と共に孫権勢に偽りの投降をする。しかし当時、大都督であった周瑜は既にこれを見抜き、甘寧に策を授ける。蔡中はこの事を知らずに、甘寧を曹操陣営の裏の烏林の地まで導くが、そこで首を切り落とされてしまうのである。引き立て役としか扱われておらず、ロクな目に遭っていない。なお、吉川英治の小説『三国志』と横山光輝の漫画『三国志』では、蔡和とともに、蔡瑁の甥として扱われている。『人形劇三国志』においては唯一登場し、投降する場面が詳細に描かれている。"
"蔡和"	"蔡 和（さい わ、または、さい か）は、中国の通俗歴史小説『三国志演義』に登場する架空の武将。蔡瑁の従弟。なお、同じく蔡瑁の従弟とされている蔡中との関係は、『演義』の文面からは不明である。劉表配下として登場する。後に曹操に仕えた。蔡瑁の命令で劉備を暗殺すべく襄陽の東門で嶮山への道筋を固める。建安13年（208年）の赤壁の戦い直前に従兄蔡瑁が処刑されると、曹操の傘下に入って蔡中と共に呉に偽りの投降をする。周瑜はこの投降を偽りと見抜いており、苦肉の策成就のため利用し、これを成功させる。いよいよ赤壁の戦いが開戦するとなった時、周瑜に引き出されて策略が露見していたのを知り、呉軍士気高揚のために斬首された。なお、吉川英治の小説『三国志』と横山光輝の漫画『三国志』では、蔡中と共に蔡瑁の甥とされている。また、『演義』では、斬首後の血を軍旗に浸しただけであるが、横山『三国志』では、首級が祭壇に供えられるという末路になっている。"
"譚雄"	"譚 雄（たん ゆう）は、中国の通俗歴史小説『三国志演義』に登場する架空の武将。呉の孫桓の部将として登場する。劉備の呉への侵攻時に、孫桓に従って蜀軍を迎撃する。同僚の李異が張苞に討ち取られそうになると、矢で張苞の馬を射止めて救援するが、それも及ばず、李異は関興に斬られてしまう。その翌日、譚雄も関興に生け捕りにされてしまい、前日の馬の霊を慰めるために、張苞の手で斬首される。史実では呉に譚姓の武将が存在するが、譚雄の名は見当たらず、モデルが誰かも不明である。"
"阿会喃"	"阿会喃（あかいなん）は、中国の通俗歴史小説『三国志演義』に登場する架空の武将。諸葛亮の南征で、孟獲配下の三洞元帥の1人として登場する。管轄は第三洞である。他の元帥と共に5万の軍を率い蜀を攻撃するも、趙雲・馬忠の夜襲に敗れ、張翼に捕らえられる。後、諸葛亮に諭された上で釈放され、自洞に帰るも、孟獲に呼び出されてやむなく出陣。盧水で蜀と対する。阿会喃は董荼那の側面援助として沙口を守るが、董荼那は馬岱の罵倒を受けて、恥じて軍を引き上げている。これにより罰せられて孟獲を恨んだ董荼那は、阿会喃等と相談して、孟獲を捕らえて諸葛亮に引き渡す。しかし、諸葛亮が孟獲を釈放してしまったため、阿会喃は董荼那等と孟獲に誘い出されて殺され、遺体を谷に捨てられてしまう。en:List of fictional people of the Three Kingdoms#Chapter 87"
"陳応"	"陳 応（ちん おう）は、中国の通俗歴史小説『三国志演義』に登場する架空の武将。後漢末期の桂陽太守趙範に仕える管軍校尉として登場する。同僚の鮑隆と共に元・猟師で、陳応は飛叉（鎖の先に叉（さすまた）を付けた武器）の使い手である。桂陽に攻めてきた趙雲に降伏しようとする趙範を説得し、陳応は三千の軍勢を率いて趙雲に戦いを挑む。しかし、わずか数合で逃げ出し、苦し紛れに飛叉を投げて抵抗するも、あっけなく趙雲に捕らえられてしまう。陳応は平謝りして許してもらい、その後趙範も降伏する。しかし、趙範が自らの兄嫁を趙雲の妻に薦めたところ、趙雲はその不義を怒り、趙範を殴りつける。これを恨んだ趙範は、陳応・鮑隆を慰問と称して派遣、趙雲を暗殺しようとするが、そこで酒を勧められて眠ってしまったところを2人は捕らえられ、部下が趙雲暗殺について暴露してしまう。陳応は鮑隆と共に斬首され、趙範も捕えられてしまう。"
"韓徳"	"韓 徳（かん とく、繁体字：韓德、簡体字：韩德、拼音: Hán Dé）は、中国の通俗歴史小説『三国志演義』に登場する架空の武将。西涼の大将で魏の武将。武器は大斧。鳳鳴山で夏侯楙の援軍として4人の息子とともに8万の大軍を連れて駆けつけるが、息子の韓瑛（かん えい、韓瑛 / 韩瑛 / Hán Yīng）、韓瑤（かん よう、韓瑤 / 韩瑶 / Hán Yáo）、韓瓊（かん けい、韓瓊 / 韩琼 / Hán Qióng）、韓琪（かん ぎ、韓琪 / 韩琪 / Hán Qí）を趙雲に討ち取られ、最後には自身も趙雲の槍で突き殺されてしまう。"
"鮑隆"	"鮑 隆（ほう りゅう）は、中国の通俗歴史小説『三国志演義』に登場する架空の武将。一部の書籍では「鮑龍」と表記されることもある。後漢末期の桂陽太守趙範に仕える管軍校尉として登場する。同僚の陳応と共に元・猟師で、鮑龍は2頭の虎を射殺したことがある（吉川英治の小説『三国志』では、虎を生け捕りにしたとある）。劉備の部将趙雲が桂陽に進攻してきて、これを迎え撃った陳応が趙雲に敗れると、趙範は降伏する。しかし、趙範が自らの兄嫁を趙雲の妻に薦めたところ、趙雲は怒ってその不義を咎め、趙範を殴りつける。これを恨んだ趙範は、陳応・鮑隆を慰問と称して派遣、趙雲を暗殺しようとするが、そこで酒を勧められて眠ってしまったところを2人は捕らえられ、部下が趙雲暗殺について暴露してしまう。鮑隆は陳応と共に斬首され、趙範も捕えられてしまう。"
"黄奎"	"黄 奎（こう けい）は、中国の通俗歴史小説『三国志演義』に登場する架空の人物，字は宗文。董卓暗殺の謀議参加者の一人であり、李傕の乱の際に殺害された黄琬の子として登場する。官職は黄門侍郎。馬騰が曹操の元へ訪れたときに行軍参謀として馬騰の所へ行く。そのときに馬騰に曹操討伐を示し合わせる。しかし、それを知った使用人の苗沢の企みによって黄奎が李春香に全ての計画を話し、それを苗沢が曹操に告発する。苗沢は、黄奎の妾である李春香の間男で、彼女を妻に娶る目的があるために、黄奎を抹殺しようと目論んだ。苗沢の密告で黄奎と馬騰の密計を知った曹操は、彼らの一族を処刑。告発した苗沢は、褒美に李春香と結婚させるように嘆願するが、曹操はそれを聞き容れず「こやつは主人を裏切り女に走った、憎悪すべき奸物である!」と述べて、苗沢を彼の一族とともに処刑した。"
"夏侯傑"	"夏侯 傑（かこう けつ）は、中国の通俗歴史小説『三国志演義』に登場する架空の武将。曹操麾下の武将。建安13年（208年）の長坂橋の戦いで張飛を追撃するが、橋で仁王立ちをした張飛の大喝で、恐怖のあまり失神して落馬し、曹操や率いていた軍は浮き足立って逃げ出す設定となっている。なお、『三国志演義』のうち現在の流布本である毛宗崗本以外では、名前が夏侯覇（夏侯淵の子でのちに蜀に寝返る）となっている版本が多い。毛宗崗本の底本と称される、いわゆる李卓吾本でも夏侯覇となっている。これに伴って、毛宗崗本以前の版本に拠る作品、『通俗三国志』や吉川英治の小説『三国志』、横山光輝の漫画『三国志』では、夏侯覇の名が採用されている。横山『三国志』の夏侯覇は、張飛に一騎討ちを挑むが、橋上で張飛の繰り出した蛇矛をかわしたものの、勢い余って川に転落してしまう。"
"夏侯存"	"夏侯 存（かこう ぞん）は、中国の通俗歴史小説『三国志演義』に登場する架空の武将。曹仁の部将として登場する。関羽の樊城襲撃時に、満寵が篭城を主張するのに対し、夏侯存は迎撃を主張する。結果、曹仁は夏侯存の意見を取りいれ樊城に迫った関羽の軍勢に挑む。しかし、関羽の前に曹仁は大敗し、夏侯存は関羽の一刀の下にあっけなく斃されてしまう。横山光輝の漫画『三国志』では、夏侯存は関羽の子関平に討たれている。なお、『演義』で関平が討ち取ったのは、夏侯存の同僚翟元である（横山『三国志』では廖化が翟元を斬っている）。"
"夏侯徳"	"夏侯 徳（かこう とく）は、中国の小説『三国志演義』に登場する架空の人物。曹洪の部将として登場し、夏侯尚の兄として描かれている。ちなみに史実での夏侯尚の字は伯仁であり、当時の中国では「伯」は長男に使われることが多い字である。漢中の天蕩山での蜀の黄忠・厳顔との激突時に、武将の韓浩に迎え撃たせるが、韓浩は黄忠に討たれてしまう。夏侯徳は怒って自ら出撃するが、後方に回った厳顔に斬られることになっている。"
"孟節"	"孟 節（もう せつ）は、中国の通俗歴史小説『三国志演義』に登場する架空の人物。南蛮王・孟獲の兄として登場する。物欲の盛んな弟達に嫌気がさし、王城を離れ在野の士となる。万安渓（ばんあんけい）という谷で「万安隠者」と名乗り、長年に亘り毒泉の毒に侵された人々を救う。蜀の南蛮征圧の際には、諸葛亮と出会い毒泉にやられた傷病兵の治癒に協力する。また、口に含むと毒にあたらないとされる薤葉芸香という草を与えた。NHK『人形劇三国志』でも、毒泉や瘴気に苦しむ蜀軍に解毒の方法などを教える人物として登場するが、その後伏波将軍・馬援の碑の前で、実は孟節は玄徳の化身だったということが、玄徳の霊から孔明に告げられるというストーリーが付け加えられている。"
"晏明"	"晏 明（あん めい）は、中国の通俗歴史小説『三国志演義』に登場する架空の武将である。曹洪配下の部将。三尖両刃の剣の使い手。長坂の戦いで阿斗を抱える趙雲に斬りかかるが、3合と打ち合えずにその槍に突き倒されて果てる。"
"楊松"	"楊 松（よう しょう）は小説『三国志演義』に登場する架空の人物。漢中の領主張魯配下の佞臣で、金に汚い男とされる。楊柏（正史では楊白）の兄という設定。益州を支配する劉璋は漢中の張魯の脅威に怯え、劉備と結び張魯への備えにしようとしたが、かえって劉備に攻撃されたため、反目していた張魯に援軍を申し入れる。このとき、かつて曹操に敗れて落ち延びてきた馬超が援軍の役を引き受け、劉備の軍勢とぶつかり合うことになる。馬超と対峙することは得でないと見た劉備陣営は、馬超と張魯の関係を破綻させるべく楊松に賄賂を贈り、張魯に讒言するように申し入れる。快諾した楊松は「馬超は蜀の地を我が物にするつもりだ」と張魯に吹聴し、馬超を退くことも進むこともできない状態に追い込んだ。行くあてを失った馬超は、李恢に説得され劉備に降るのであるが、この折に監視役だった楊柏が手土産として斬られている。215年、曹操の張魯征伐の折、難攻不落の陽平関攻めに決め手を欠いた曹操陣営は、楊松に対して賄賂と共に内応の申し入れを行う。財宝と爵位に目が眩んだ楊松は、進んで曹操軍を引き入れることに協力、これにより曹操は張魯の支配する漢中の制圧に成功するのである。張魯およびその配下は、降伏時の対応から曹操に厚遇を受けることとなるが、楊松だけは「主君を売った罪」を問われ、処刑されてしまう。"
"胡班"	"胡 班（こ はん）は、中国の通俗歴史小説『三国志演義』に登場する架空の人物。"
"越吉"	"越 吉（えつきつ）は、中国の通俗歴史小説『三国志演義』に登場する架空の武将。西羌の元帥で、鉄槌の使い手。国王徹里吉の命により、雅丹らと共に25万の兵を率い曹真の援軍として参加する。鉄車と呼ばれる兵器で蜀軍を苦しめ、自身も関興を討ち死に寸前にまで追い詰める活躍をするが、関羽の亡霊に阻まれて討ち漏らしてしまう。次戦で諸葛亮の計略にはまり鉄車兵は壊滅し、逃げようとする所を関興に斬り殺される。"
"趙岑"	"趙 岑（ちょう しん）は、中国の通俗歴史小説『三国志演義』に登場する架空の人物。董卓の部将として登場する。汜水関の守りに就いた華雄の副将として袁紹ら連合軍を迎え撃つ。また董卓が荒れ果てた洛陽から長安に遷都する際、その動きに合わせて汜水関の門を開けるが、その後は物語中から姿を消してしまう。"
"周善"	"周 善（しゅう ぜん）は、中国の通俗歴史小説『三国志演義』に登場する架空の人物。忠義に厚く勇猛果敢だったために、孫権に気に入られ、孫権の妹である孫夫人に仕える。孫権がそれまで同盟関係にあった劉備と荊州をめぐる問題で仲が悪くなると、張昭の策で孫夫人とその子劉禅を連れ戻すために、周善は船で荊州へ赴く。荊州に着くと孫夫人と劉禅を船に乗せて帰ろうとするが、趙雲と張飛の追撃を受けて、孫夫人は呉へ帰れたものの、劉禅は取り戻され、周善自身も張飛に左胸を貫かれて討たれてしまう。『三国志』『後漢書』等の史書にはその名は見当たらないので、架空の人物と考えられる。ただし、孫夫人が孫権の誘いに応じて劉禅を呉に連れ去ろうとしたのを趙雲と張飛に阻止されたという逸話自体は『三国志』に引用された『趙雲別伝』に記載されている。"
"朶思大王"	"朶思 大王（だし だいおう）は、中国の通俗歴史小説『三国志演義』に登場する架空の人物。禿竜洞（とくりょうどう）という洞窟の主という設定。南蛮一の知恵者の異名を持つ。蜀軍の諸葛亮に連敗を喫していた南蛮王孟獲は、五度目の抵抗に際して、弟の孟優の紹介により禿竜洞の朶思大王へ救援を求める。朶思大王は、禿竜洞への道の四ヶ所に配置された毒の泉が蜀軍の進路を阻むだろうと孟獲に言った。この毒の泉による策略は蜀軍を苦しめるが、諸葛亮は孟獲の兄である孟節の手助けにより打ち破った。その後、朶思大王は孟獲と共に楊鋒の裏切りにより囚われの身となるが、すぐに孟獲と共に解放される。朶思大王はその後も孟獲と行動を共にし、孟獲が銀坑洞に拠って精兵を集め、妻の弟の帯来洞主の勧めにより木鹿大王に援軍を求めに行く間、前線の三江城の守備を任される。趙雲、魏延の軍と交戦するが、乱戦の中討ち取られる。"
"孔秀"	"孔 秀（こう しゅう）は、中国の通俗歴史小説『三国志演義』に登場する架空の武将。曹操配下の部将、東嶺関の守将として登場する。関羽が千里行をした際、通行手形が無い事を知り、止めようとする。しかしなおも押し通ろうとする為、人質を置いていくよう強要、これに怒った関羽に斬られる。"
"孟坦"	"孟 坦（もう たん）は、中国の通俗歴史小説『三国志演義』に登場する架空の人物。洛陽太守韓福の部将で、関羽の千里行で登場する。韓福に対し、手形を持たない関羽を通さないよう進言し、さらに、自らが囮となって関羽を招き寄せ、そこに矢を射掛ける策を提案した。そして関羽がやってくると、孟坦は応戦して3合もせずに逃走した。しかし罠に誘いこもうとしたところ、追いすがった関羽に一刀両断されてしまう。"
"徐康"	"徐 康（じょ こう、生没年不詳）は、小説『三国志演義』の登場する架空の人物。徐庶の弟という設定で、兄の不在中に母親の世話をしていたが、早世する。『演義』第三十六回『玄徳計を用いて樊城を襲い　元直馬を走らせて諸葛を薦む』において、程昱が徐庶を劉備のもとから引き離す計略を献策する際、「…今、弟の徐康は既に死亡し…」と言及されている。"
"徹里吉"	"徹里吉（てつりきつ）は、中国の通俗歴史小説『三国志演義』に登場する羌族（西羌）の架空の王。"
"楊鋒"	"楊 鋒（よう ほう）は、中国の通俗歴史小説『三国志演義』に登場する架空の人物。南蛮の銀冶洞（ぎんやどう）二十一洞の洞主。諸葛亮に恩義を受けた彼は、5人の屈強な息子達と3万の兵を引きつれ、孟獲、孟優、朶思大王のもとに偽って援軍として訪ねてくる。喜んだ孟獲により酒宴を催されるが、宴に何も無いのは興ざめだと、楊鋒は連れて来た同族の女達に剣舞を踊らせる。やがて孟獲達が酒に酔い油断し始めると、楊鋒は息子達と杯を献上する振りをして三人の側に近づき捕縛してしまう。そして女達に宴席場を包囲させ、彼らの身柄を確保した後に、諸葛亮に引き渡すのである。これにより朶思大王の禿竜洞は陥落する。"
"裴元紹"	"裴 元紹（はい げんしょう）は、中国の通俗歴史小説『三国志演義』に登場する架空の武将。もとは張角の部下という設定であるが、黄巾の乱の後は周倉とともに山賊まがいの生活を送る。五関を突破した関羽が旅の途中に郭常という人物の屋敷に宿を借りるが、彼の息子は武芸と遊びに耽る道楽者で、しかも裴元紹の仲間でもあったので、赤兎馬に目をつけた息子はそれを奪おうと裴元紹と語らって、屋敷を出た関羽一行を手勢を率いて待ち構える。しかし赤兎馬の持ち主が、つねづね周倉から聞かされていた豪傑の関羽だと分かると、裴元紹は恐れ入って周倉ともども配下に加えてくれと懇願する。結局、周倉のみが関羽配下となり、裴元紹は劉備からの迎えが来るまで部下を率いて待つことになるのであるが、その後、裴元紹は通りがかった趙雲の馬を盗もうとして、たった一合で殺されてしまうというものである。横山光輝の漫画『三国志』では、単に劉備を出迎えようとしていたところ、昼寝していた趙雲と口喧嘩になって殺されるという役回りで、『演義』よりも気の毒な結末になっている。"
"雅丹"	"雅丹（がたん）は、中国の通俗歴史小説『三国志演義』に登場する架空の政治家、武将。西羌の宰相。魏の曹真の救援要請を受けた国王徹里吉の命令により、元帥の越吉と共に25万の兵を率いて対蜀戦に参加する。鉄車と呼ばれる兵器で蜀軍を苦しめるが、諸葛亮の計略により鉄車兵は落とし穴に落ちた所を撃破されて、越吉は戦死、自身も捕らえられてしまう。戦後、羌族を懐柔しようと考えた諸葛亮により鉄車等の兵器を返却され、徹里吉への伝言を託され解放される。"
"顎煥"	"顎 煥（がく かん）は、中国の通俗歴史小説『三国志演義』に登場する架空の武将。「鄂煥」と表記される場合もある。蜀漢に対して反乱した越雋太守高定の部将。身の丈9尺、容貌醜怪、方天戟を使う万夫不当の剛の者とされる。反乱鎮圧のため侵攻してきた諸葛亮を迎撃するため、高定に先鋒を命じられ迎撃するが、魏延・王平・張翼に包囲されて生け捕りにされてしまう。諸葛亮が離間の計により解放すると、以後の顎煥は蜀漢の力量を恐れ、また、諸葛亮への恩義から、高定にも帰順を薦めるようになる。最後は雍闓、朱褒を斬り、高定と共に蜀漢に帰順する。"
"キョウ景"	"龔 景（きょう けい）は、小説『三国志演義』に登場する架空の人物。黄巾の乱時の青州太守（太守と書いてあるが、おそらく刺史の誤りで、実際の青州刺史は孔融のようである）。黄巾の乱が起き、青州もその被害を受ける。太守（刺史？）の龔景は張角軍の兵に居城を囲まれたので、幽州の劉焉に救援を要請する。そのとき劉焉のもとには、校尉の鄒靖と義勇軍の劉備らがいたので、劉焉は彼らを派遣、劉備の策によって敵は混乱し、それに乗じて龔景も民兵を率いて討って出ることができ、黄巾賊を討ち破ることに成功した。"
"兪渉"	"兪 渉（ゆ しょう）は、中国の通俗歴史小説『三国志演義』に登場する架空の武将。『演義』の第5回に登場、袁術配下の猛将とされる。董卓軍の華雄が反董卓連合軍に攻撃を仕掛けてくると、名乗りを上げて華雄に一騎討ちを挑んだが、3合も交える事無く討ち取られてしまう。なお、吉川英治の小説『三国志』及び横山光輝の漫画『三国志』では袁紹配下として登場し、やはり華雄に一騎討ちを挑んだが、数合で首を刎ねられている。"
"李珪"	"李 珪（り けい）は、中国の通俗歴史小説『三国志演義』に登場する架空の政治家。荊州の諸侯劉表の幕僚。劉表死後、蔡瑁が作った偽の遺言状により劉琮が後継されようとすると、兄劉琦を思って躊躇する劉琮を李珪は支持し、劉琦を迎えるべきと進言する。しかし、蔡瑁と言い争いになり、ついに処刑されてしまう。このとき李珪は処刑の直前まで蔡瑁を罵り続けている。"
"荀正"	"荀 正（じゅん せい）は、中国の通俗歴史小説『三国志演義』に登場する架空の武将。袁術配下の将軍紀霊の副将。紀霊の劉備討伐に従軍する。紀霊は関羽との一騎打をした際に30合余り戦うと陣へ戻り、その後荀正に関羽に当たるよう命じている。荀正自身はかなり乗り気で、関羽を「名も無き末輩」と挑発して出撃する。しかし、その挑発に怒った関羽に1合で斬り捨てられて果ててしまう。荀正を討ち取った勢いで劉備軍は、一気に紀霊軍を押し返している。"
"蔡勲"	"蔡 勲（さい くん）は、中国の通俗歴史小説『三国志演義』に登場する架空の武将。なお、第34回での名は「蔡勲」、第45回での名は「蔡𤪠」となっている。劉表配下の蔡瑁の弟として登場する。蔡瑁が劉備を暗殺しようとすると、襄陽城の北門を固める。その後曹操配下として、赤壁の戦いの前哨戦となる三江口の戦いに、蔡瑁と共に参戦する。兄の命で先鋒として出撃するが、甘寧が放った矢に当たり、あっけなく両軍最初の戦死者になるという役回りを演じている。"
"陳横"	"陳 横（ちん おう）は、中国の通俗歴史小説『三国志演義』に登場する架空の武将。劉繇の部将として登場する。劉繇が孫策に敗れて劉表を頼ると、陳横は、薛礼・張英と共に秣陵（後の呉の都、建業）に立て篭もり、抵抗を続ける。しかし、孫策の計略で城外に誘き出され、伏兵の攻撃に遭い、孫策の部将蒋欽に弓矢で射殺された。"
"劉安 (三国志演義)"	"劉 安（りゅう あん）は『三国志演義』の第十九回に登場する架空の人物。劉備を匿う猟師の男。呂布に破れた劉備が曹操の下へ逃亡する最中に出会った人物。劉安はもてなしのため肉料理を出すと劉備から何の肉か尋ねられ、狼の肉と答えた。翌朝、劉備は厨房で腕の肉を切り取られた女性の死体を発見して驚き、劉安を問い詰めると、彼は食べ物が無かった為、妻を殺してその肉を提供したと話した。劉備は悲しみにたえきれず涙を流した。劉安は年老いた母を残して御供するわけにはいかないと別れを告げた。後日、劉備が曹操に会ってその経緯を説明すると、曹操は立派な行いと称え、孫乾を使者として金百両を与えた。この話は現代の日本人にとって共感出来ないエピソードととられるため、吉川英治は『三国志』執筆の際、鉢木を引き合いに出してこの話の解説をしている。"
"普浄"	"普浄（ふじょう）は、中国の通俗歴史小説『三国志演義』に登場する僧侶。架空の人物と見られる。曹操の下を離れ千里行中だった関羽は沂水関に差しかかる。関の守将卞喜は、関羽を鎮国寺に招き謀殺しようと企むが、寺の僧侶であり関羽と同郷でもあった普浄が、関羽に卞喜の目論見を密告。卞喜は関羽に斬殺され、普浄は関羽の危機を救っている。その後は寺を去り托鉢の旅に出る事になる。時は流れ、荊州の玉泉山で仏道修行をしている際、呉に処刑された関羽の霊魂が、呉や呂蒙に対する恨みを綴っているのを見かけた普浄は、関羽の霊魂を呼び止めて教え諭し、成仏させている。"
"王植"	"王 植（おう しょく）は、中国の通俗歴史小説『三国志演義』に登場する架空の人物。関羽の千里行で登場する滎陽太守。先の東嶺関守将孔秀、洛陽守将の孟坦、韓福、沂水関の卞喜を斬り、関所破りを続ける関羽に対して、王植は計略で関羽を暗殺することを決意。部下の従事胡班に関羽のいる館の焼き討ちを命じる。しかし胡班は、父である胡華よりの手紙を関羽から受け取ると、暗殺するはずだった関羽にこの事を密告してしまう。事の真実を知った関羽は驚き、胡班の手引きにより、劉備の夫人たちを連れて滎陽城を後にした。しかし、気付いた王植が追撃してきたため、関羽はこれを迎え撃つ。王植は、関羽の一撃に胴を両断されて果てた。"
"紫虚上人"	"紫虚上人（しきょ しょうにん、生没年不詳）は、中国の通俗歴史小説『三国志演義』に登場する架空の人物。益州の錦屏山に住み、人の生死や貴賎を見通すことが出来ると言われていた。『演義』の第62回で、劉備が益州に侵攻した際、それに応戦するため劉璋配下の劉璝や張任らは五万の兵を率いて雒城に向かったが、その途中に紫虚上人の下を訪れ占いを請うた。上人は｢左龍と右鳳、飛んで西川に入る。雛鳳地に墜ち、臥龍天にのぼる。一得一失、天数まさに然るべし（左龍右鳳飛入西川　雛鳳墜地臥龍升天　一得一失天數當然　見機而作勿喪九泉）｣と述べ、龐統の死と、諸葛亮の益州平定を予言したという。当惑した劉璝達は自分達の命運についての占いを求めたが、「定まった命運を聞いても仕方があるまい」と上人は応じず、彼等にとって満足のいく回答はついに得られなかった。"
"鄭文"	"鄭 文（てい ぶん）は、中国の通俗歴史小説『三国志演義』に登場する架空の人物。"
"劉賢 (演義)"	"劉 賢（りゅう けん）は、中国の通俗歴史小説『三国志演義』に登場する架空の人物。零陵太守劉度の子という設定。『演義』第52回に登場する。嘉靖本・李卓吾本などでは「劉延」に作っており、李卓吾本に基づいた『通俗三国志』、さらにはこれに基づいた吉川英治の小説『三国志』などの創作作品でも劉延と表記されている（白馬の戦いや関羽の千里行で登場した東郡太守劉延と同一人物の設定とされているかどうかは不明）。"
"宗宝"	"宗 宝（そう ほう）は、中国の通俗歴史小説『三国志演義』に登場する架空の人物。北海太守孔融の部将として、『演義』第11回に登場する。黄巾党の残党である管亥が数万の軍勢を率いて北海に攻め寄せてきたため、孔融は城外に迎撃に赴く。管亥が孔融を目がけて突進してくると、宗宝は槍をとってこれを迎え撃ったが、数合の打ち合いの末に、管亥の薙刀により斬り落とされてしまう。宗宝の戦死後、孔融の軍は大いに崩れて北海城内に逃げ込んでいる。"
"崔勇"	"崔 勇（さい ゆう）は、中国の通俗歴史小説『三国志演義』に登場する架空の武将。郭汜の部将として、『演義』第13回に登場する。李傕の下を脱出した献帝一行を郭汜に随従して追いかけ、華陰県で後一歩のところまで迫る。そこへ、楊奉が兵を率いて現れ、献帝一行を守護する。崔勇は、真っ先に郭汜軍から飛び出し、楊奉を逆賊と大いに罵る。怒った楊奉は、部将の徐晃を呼び出して打ちかからせ、崔勇もこれを迎え撃ったが、ただの1合で徐晃の大斧に斬り落されてしまう。そのまま楊奉は郭汜軍に向けて突撃し、これを20里余りも退却させている。"
"戈定"	"戈 定（か てい）は、中国の通俗歴史小説『三国志演義』に登場する架空の人物。孫権配下の太史慈と同郷（青州東莱郡）で、その配下という設定。『演義』第53回に登場。その兄弟は、合肥を守備していた曹操配下の張遼の下で厩番をしている。戈定は、太史慈の命により合肥に潜入し、太史慈が攻め寄せてくる時に合わせて、兄弟である厩番と共に秣に火を放ち、謀反だと城内に触れ回る。しかし、張遼は冷静沈着に対応したため、この煽動は失敗に終わり、戈定と厩番は捕えられて処刑されてしまう。さらに張遼は、策を設けて太史慈を誘引し、これに矢を浴びせて重傷を負わせている。太史慈は、この時の傷が原因で、まもなく死去してしまう。"
"王垢"	"王 垕（おう こう）は、中国の通俗歴史小説『三国志演義』に登場する架空の人物。吉川英治の小説『三国志』などでは、「王垢」と記述される。"
"盧遜"	"盧 遜（ろ そん）は、中国の通俗歴史小説『三国志演義』に登場する架空の武将。蜀漢の将として、『演義』第116回に登場する。南鄭関を守備し、蜀漢を滅ぼそうと進軍してきた鍾会率いる魏軍を迎え撃つ。連弩を擁した伏兵を使って、まず関の前の木橋に差し掛かった魏の先鋒許儀を撃退する。次いで、鍾会が自ら攻め寄せてくると、これに対しても激しく弓矢を浴びせ、これを後退させる。そこへ、盧遜は自ら兵を率いて橋へ向けて出撃し、鍾会は逃げようとしたところ、足下の橋の一部が崩れ落ち、馬が動けなくなってしまう。鍾会は徒歩で逃げようとしたが、盧遜が追いつき槍を繰り出そうとする。しかし、そこへ魏の兵士荀愷が放った矢が盧遜に命中し、盧遜は落馬、死亡している。南鄭関を陥落させた鍾会は、荀愷を護軍に昇進させた一方で、橋を整備していなかった罪を問い、許儀を処刑している。"
"祝融夫人"	"祝融 夫人（しゅくゆう ふじん）は、小説『三国志演義』に登場する架空の人物。南蛮の王として登場する孟獲の妻。祝融神の末裔とされる。夫である孟獲が諸葛亮との戦に何度も負け、それに怒った祝融が夫の代わりに蜀軍と対峙することとなる。彼女は男勝りの性格で飛刀（投げナイフ）の使い手とされ、蜀将である張嶷と馬忠を一騎討ちの末に捕らえる。これに困った諸葛亮は、魏延と趙雲に策を与えることにし、わざと負け祝融を怒らせて、逃げる魏延を追いかけさせたため、途中で罠に掛かって捕らえられてしまう。その後、孟獲の申し出により人質交換として自軍に戻される。最終的に、「七縱七禽」の策で蜀への忠誠を孟獲と共に誓うこととなる。ちなみに、『三国志演義』でも珍しい女武将であるためか、日本のねぶた祭りの山車として祝融夫人が題材にされることがある。"
"秦キ"	"秦 琪（しん き）は、中国の通俗歴史小説『三国志演義』に登場する架空の人物。"
"秦慶童"	"秦 慶童（しん けいどう）は、中国の通俗歴史小説『三国志演義』に登場する架空の人物。国舅とされる董承に仕える下僕として、『演義』第23回に登場。董承の妾の雲英と密会していたところを董承に咎められ殺害されそうになるが、董承の夫人のとりなしによって、罰棒40回に減じられ、秦慶童は邸内の一室に監禁される。恨みを覚えた秦慶童は、邸内から脱走して曹操の下に駆け込み、董承・吉平らが曹操誅殺を謀っていることをすべて暴露する。これにより、吉平は曹操毒殺を謀って失敗し、囚われる。董承の同志である王子服・种輯・呉碩・呉子蘭も、曹操主宰の宴会に呼び出され、秦慶童の証言により拘禁されてしまう。最後に董承も、秦慶童を連れて来た曹操に追及され、血判状と献帝の密詔を発見されてしまう。こうして、董承らとその一族は、ことごとく誅殺されてしまう。この後、秦慶童は登場しない。"
"秦良"	"秦 良（しん りょう）は、中国の通俗歴史小説『三国志演義』に登場する架空の武将。魏の曹真の副将として、『演義』第100回に登場。司馬懿と曹真が蜀軍の出現を巡って賭けを行い、曹真が祁山の西の斜谷口に布陣すると、秦良もこれに従う。しばらくして、谷の中に蜀軍が出現したとの報告があったため、秦良は5千の兵を授かって偵察に赴く。すると、蜀軍が伏兵を繰り出して秦良軍を包囲・攻撃し、秦良は必死に防戦したが、蜀将廖化の薙刀に斬って落とされてしまう。この後、蜀軍は秦良軍の兵士に仮装して、曹真を急襲し、これを大いに撃破している。"
"穆順"	"穆 順（ぼく じゅん）は、中国の通俗歴史小説『三国志演義』に登場する架空の人物。同姓同名の人物2名が登場する。1. 上党太守張楊配下の部将。『演義』第5回に登場。虎牢関において呂布を槍で迎え撃ったが、ただの一撃で突き落とされてしまう。2. 後漢の朝廷に仕える宦官。『演義』第66回に登場。献帝の皇后である伏皇后から、宦官の中で唯一忠義の心を持つ者と評される。皇后からその父伏完への書簡の受け渡し役を任され、髪の中にそれを隠して伏完の下に向かう。しかし、伏完の返書を髪に隠して戻る途中、密告を受けて待ち構えていた曹操に咎められ、厳しい探索の末に書簡を発見されてしまう。穆順は拷問を受けても誰から命じられたかを白状しなかったが、結局、伏完や伏皇后も曹操に逮捕され、伏完・穆順は一族もろとも市中で処刑されている。"
"苟安"	"苟 安（こう あん）は、中国の通俗歴史小説『三国志演義』に登場する架空の人物。蜀漢の李厳に仕える都尉として、『演義』第100回に登場。前線で戦う諸葛亮のために、永安から兵糧を送り届ける任務に与ったが、苟安は酒に飲み耽って日限を10日も過ぎてしまう。しかも、「敵に兵糧を奪われてはならないと考えた」と言い訳したため、諸葛亮は怒り、これを斬首に処そうとする。しかし楊儀が、「李厳が兵糧を送ってこなくなる」と諌めたため、死刑から罰棒80回に減じられている。死を免れながらも、苟安は罰を受けたことに恨みを覚え、魏に降ってしまう。司馬懿から成都で諸葛亮を陥れる流言をなすよう命じられ、苟安は成都で宦官たちに諸葛亮が謀反を企んでるとの讒言を触れ回る。その結果、宦官たちの上奏を受けた劉禅までもこれを信じ、諸葛亮を前線から呼び戻す事態となる。諸葛亮は帰国後、事実を知って苟安を捕えようとしたが、すでに魏に逃げ込んだ後であり、宦官たちについて誅殺または追放の処分をとっている。なお、この後に登場する蜀漢の武将・句安は、苟安と別人であり、この人物は実在する。"
"賈華"	"賈 華（か か）は、中国の通俗歴史小説『三国志演義』に登場する架空の人物。呉の孫権配下として、『演義』第53回に初登場する。合肥で孫権が曹操と交戦した際に、宋謙と共に方天画戟を持って孫権を警護している。曹操配下の楽進が孫権を目がけて突進してくると、賈華・宋謙はこれを迎撃し、楽進を辛うじて撃退する。ところが宋謙は、引き返す楽進を深追いしてしまい、その僚友李典に射殺されてしまう。第54回でも賈華は再登場する。劉備が孫権の妹（孫夫人）を娶ることになり、甘露寺で孫権らの母である呉国太と会談することになる。孫権は呂範と謀議し、賈華に命じて300の兵と共に寺の廊下に潜ませ、呉国太が不興を覚えた場合には、劉備を暗殺しようとする。ところが呉国太は劉備を気に入り、さらに劉備配下の趙雲に伏兵を見抜かれ、劉備からその旨を告げられた呉国太は大いに怒る。孫権・呂範は全責任を賈華に押し付け、呉国太はこれを斬り捨てるよう孫権に命じる。結局、劉備らの取り成しによって、賈華は許され、甘露寺から退出する。以後、賈華は登場しない。"
"辛明 (演義)"	"辛 明（しん めい）は、中国の通俗歴史小説『三国志演義』に登場する架空の部将。袁紹の部将として、『演義』第30回に登場する。烏巣の奇襲に成功した曹操が、荀彧の策に従い、鄴と黎陽に兵を派遣して退路を断とうとしているとの流言を流す。すると袁紹はこれに引っ掛かり、袁尚に5万の軍勢を与えて鄴へ、そして辛明に同じく5万の兵を与えて黎陽へそれぞれ派遣する。それを察知した曹操は、手薄となった袁紹軍に総攻撃をかけ、これを散々に撃破した。この勝利により、官渡の戦いは最終的に曹操の勝利に終わったのである。この後、辛明は登場しない。"
"鍾進"	"鍾 進（しょう しん）は、中国の通俗歴史小説『三国志演義』に登場する架空の人物。長安太守鍾繇の弟として、『演義』第58回に登場。父の仇を討とうと馬超が長安に攻め寄せてくると、兄と共に長安城を守備し、鍾進は西門を担当する。しかし、領民に紛れて城内に潜入していた馬超配下の龐徳の夜襲を受け、鍾進は一刀の下に斬り殺されている。龐徳は西門を開いて馬超らの軍を長安に迎え入れ、鍾繇は命辛々逃亡している。"
"韓福"	"韓 福（かん ふく）は、中国の通俗歴史小説『三国志演義』に登場する架空の人物。曹操配下の洛陽太守として、『演義』第27回に登場。東嶺関の守将孔秀が劉備の下に戻ろうとする関羽に斬られたと聞くと、部下を集めて善後策を協議する。部将孟坦の進言を容れ、孟坦が囮となっておびき寄せたところに、韓福が矢を射掛けることとする。そして、関羽がやってくるとこの策を実行する。囮となった孟坦は関羽に呆気なく両断されてしまうが、門の陰に隠れていた韓福は、矢を放って関羽の左肘を射抜く。しかし、関羽はその傷をものともせずに韓福目がけて突進し、韓福は逃げる暇すらなく、頭から肩まで切り下げられて果てている。"
"鮑忠"	"鮑 忠（ほう ちゅう）は、中国の小説『三国志演義』に登場する架空の人物。済北の相鮑信の弟として、『演義』第5回に登場する。反董卓連合軍の先陣に孫堅が選ばれると、鮑信はこれを妬み、鮑忠に3千の軍勢を与え、密かに孫堅を先回りして汜水関へ出撃させる。ところが、董卓配下の驍騎校尉華雄率いる500の鉄騎に急襲され、鮑忠は華雄の薙刀により斬り落とされてしまう。華雄は、鮑忠の首級を董卓の下に送り届け、都督に任命されている。なお史実における鮑信の弟は、鮑韜である。鮑韜は、兄や曹操の軍に加わって董卓配下の徐栄と交戦し、戦死した。"
"慕容烈"	"慕容烈（ぼようれつ）は、中国の通俗歴史小説『三国志演義』に登場する架空の武将。文聘の部将。第七十一回に登場する。定軍山の戦いにおいて、黄忠が曹操軍の計にかかって包囲されてしまったため、趙雲が救出に向かったところ慕容烈が刀を舞わせて迎え撃つが、たちまち趙雲の槍に突き落とされる。これにより曹操軍は崩れたち、ために黄忠は包囲を脱することができた。"
"岑威"	"岑 威（しん い）は、中国の通俗歴史小説『三国志演義』に登場する架空の人物。魏の鎮遠将軍として登場する。司馬懿に蜀軍から模造した木牛流馬で兵糧の輸送を任せられるが、待ち伏せしていた蜀の王平に討ち取られる。"
"張普"	"張 普（ちょう ふ）は小説『三国志演義』に登場する架空の人物。石亭の戦いにおいて曹休の将軍として登場する。曹休軍の先鋒となって呉軍を攻めるが、呉の徐盛に一騎討ちを挑むが敵わず撤退する。その後、曹休の命により石亭の南に2万の兵を率いて伏せるが、これは陸遜に看破されており、朱桓の軍に攻められて出会い頭に一刀の元に斬り殺された。"
"楊済"	"楊 済（よう さい、? - 291年）は、中国、西晋の武将・政治家。字は文通。楊駿、楊珧の弟。武悼楊皇后（楊芷）の叔父。『晋書』に伝がある。弘農華陰の人。"
"孫冀"	"孫 冀（そん き）は、歴史小説『三国志演義』に登場する架空人物。三国時代の呉の左将軍という設定。"
"崔禹"	"崔 禹（さい う）は、中国の通俗歴史小説『三国志演義』に登場する架空の人物。朱然の部将として夷陵の戦いに登場する呉の将軍。脱走してきた蜀軍の兵士から夜襲の密告を受ける。出撃しようとする朱然に対し「一兵卒の言うことなど信用できない」として朱然の代わりに出陣し、万が一のために朱然に夜襲の備えを固めるよう進言する。しかし待ち伏せしていた蜀軍に崔禹は捕えられ、劉備の前まで連れていかれて斬首されたうえに朱然軍は蜀軍の攻撃によって潰走してしまった。"
"関索"	"関 索（かん さく 繁体字：關索、簡体字：关索、）は、『花関索伝』『三国志演義』等に登場する架空の人物。関羽と胡金定の子。民間伝承では字は維之。架空の人物ながら、南蛮征伐の行進路には、関索が馬に水を飲ませた池や、行軍中に槍で掘った泉等、関索の名前が地名になっている所があったとされる。京劇などでは、関索が人気を博している。小説『水滸伝』の登場人物である楊雄のあだ名は「病関索」（ここでの病とは黄色い顔をしたという意味）であり、宋、元の史書での盗賊・軍人にも「関索」のあだ名が多くみられる。"
"党均"	"党 均（とう きん、生没年不詳）は、中国三国時代の魏の軍人。荊州襄陽郡の人。鄧艾の参謀として仕えた。姜維率いる蜀漢軍の猛攻に鄧艾率いる魏軍が押された時、鄧艾の密命を受けた党均は蜀の成都に向かい、当時専権をほしいままにしていた黄皓を多額の金銭で買収し、姜維を撤退させるよう劉禅に対して進言させた。暗愚な劉禅は、黄皓から姜維が謀反を企んでいるという虚言を聞いて驚愕し、慌てて姜維に撤退するよう命令を出した。魏軍はこうして不利な情勢を乗り切った。見事に計略を成功させた党均は、鄧艾や司馬昭から大いに賞賛されている。"
"厳政"	"厳 政（げん せい）は、中国の通俗歴史小説『三国志演義』に登場する架空の人物。黄巾賊で張宝配下の武将。朱儁ら官軍と劉備軍の攻撃を受け、城に籠城するが落城必至と覚ると張宝を殺し官軍に降伏する。吉川英治の歴史小説『三国志』では、先に劉備が張宝を討ち取っているため、かわりに張梁を殺して降伏したことに変更されている。"
"潘鳳"	"潘 鳳（はん ほう）は、中国の通俗歴史小説『三国志演義』に登場する架空の人物である。読みには「はんぽう」もある。『演義』の第5回に、冀州刺史（史実では冀州牧）韓馥配下の勇将として登場。大斧を使って董卓の部将華雄と戦うが、その直前に彼に倒された兪渉同様、あえなく討ち取られる。吉川英治の小説『三国志』では、華雄に討ち取られた後、その首級を華雄配下の兵士に嬲りものにされている。"
"程遠志"	"程 遠志（てい えんし）は、中国の通俗歴史小説『三国志演義』に登場する架空の人物。黄巾賊の将で、5万の黄巾兵を率いて幽州を襲撃する。大興山の麓で劉備率いる5百の義勇軍と合戦になるが、副将の鄧茂が初陣の張飛に突き殺されたのを見て彼に斬りかかる。そこへ、同じく初陣の関羽が討って出て、一合も交える事無く関羽に真っ二つに斬られて果てる。吉川英治の歴史小説『三国志』では、劉備を追った程遠志が張飛によって斬り下げられ、副将の鄧茂が関羽の偃月刀で葬られている。同じく横山光輝の漫画『三国志』でも、劉備率いる義勇軍を乞食部隊とあざ笑って出撃したが、鄧茂が関羽に、自身は張飛によって一撃で斬殺されている。"
